{"cameraMode":{"drawMode":0,"name":"Shaded","section":"Shading Mode"},"sceneLighting":false,"audioPlay":false,"sceneViewState":{"showFog":false,"showMaterialUpdate":false,"showSkybox":false,"showFlares":false,"showImageEffects":false,"showParticleSystems":false},"in2DMode":false,"pivot":{"x":0.6699911952018738,"y":-1.03285551071167,"z":-3.661914587020874},"rotation":{"x":0.025836817920207979,"y":0.9625692367553711,"z":-0.2509416341781616,"w":0.0991024598479271},"size":7.910345077514648,"orthographic":false}