{"cameraMode":{"drawMode":0,"name":"Shaded","section":"Shading Mode"},"sceneLighting":false,"audioPlay":false,"sceneViewState":{"showFog":false,"showMaterialUpdate":false,"showSkybox":false,"showFlares":false,"showImageEffects":false,"showParticleSystems":false},"in2DMode":false,"pivot":{"x":16.50931167602539,"y":15.667140007019043,"z":2.3398265838623049},"rotation":{"x":-0.0057554952800273899,"y":-0.8779079914093018,"z":0.010554318316280842,"w":-0.47867849469184878},"size":39.729286193847659,"orthographic":false}