{"cameraMode":{"drawMode":0,"name":"Shaded","section":"Shading Mode"},"sceneLighting":false,"audioPlay":false,"sceneViewState":{"showFog":false,"showMaterialUpdate":false,"showSkybox":false,"showFlares":false,"showImageEffects":false,"showParticleSystems":false},"in2DMode":false,"pivot":{"x":-5.960464477539063e-8,"y":0.869835615158081,"z":4.8915605545043949},"rotation":{"x":0.0016610532766208053,"y":-0.9949617385864258,"z":0.09883695095777512,"w":0.016723962500691415},"size":18.204587936401368,"orthographic":false}