{"cameraMode":{"drawMode":0,"name":"Shaded","section":"Shading Mode"},"sceneLighting":false,"audioPlay":false,"sceneViewState":{"showFog":false,"showMaterialUpdate":false,"showSkybox":false,"showFlares":false,"showImageEffects":false,"showParticleSystems":false},"in2DMode":false,"pivot":{"x":0.008851900696754456,"y":0.25455594062805178,"z":-0.14717912673950196},"rotation":{"x":-0.03088931366801262,"y":0.9687700867652893,"z":-0.18652549386024476,"w":-0.16043280065059663},"size":2.0296151638031008,"orthographic":false}