{"cameraMode":{"drawMode":0,"name":"Shaded","section":"Shading Mode"},"sceneLighting":false,"audioPlay":false,"sceneViewState":{"showFog":false,"showMaterialUpdate":false,"showSkybox":false,"showFlares":false,"showImageEffects":false,"showParticleSystems":false},"in2DMode":false,"pivot":{"x":224.82713317871095,"y":478.23638916015627,"z":0.0},"rotation":{"x":-0.033894699066877368,"y":-0.9396189451217651,"z":0.09761789441108704,"w":-0.32624852657318118},"size":270.3994445800781,"orthographic":false}