{"cameraMode":{"drawMode":0,"name":"Shaded","section":"Shading Mode"},"sceneLighting":false,"audioPlay":false,"sceneViewState":{"showFog":false,"showMaterialUpdate":false,"showSkybox":false,"showFlares":false,"showImageEffects":false,"showParticleSystems":false},"in2DMode":false,"pivot":{"x":0.03404271602630615,"y":1.1231578588485718,"z":-0.5898044109344482},"rotation":{"x":0.029603445902466775,"y":-0.9683172702789307,"z":0.1401231735944748,"w":0.20457491278648377},"size":2.4374680519104006,"orthographic":false}