{"cameraMode":{"drawMode":0,"name":"Shaded","section":"Shading Mode"},"sceneLighting":false,"audioPlay":false,"sceneViewState":{"showFog":false,"showMaterialUpdate":false,"showSkybox":false,"showFlares":false,"showImageEffects":false,"showParticleSystems":false},"in2DMode":false,"pivot":{"x":0.18969471752643586,"y":0.8593530058860779,"z":-2.0153584480285646},"rotation":{"x":-0.0018491670489311219,"y":0.9919636249542236,"z":-0.12566490471363069,"w":-0.014598973095417023},"size":7.235846996307373,"orthographic":false}