{"cameraMode":{"drawMode":0,"name":"Shaded","section":"Shading Mode"},"sceneLighting":false,"audioPlay":false,"sceneViewState":{"showFog":false,"showMaterialUpdate":false,"showSkybox":false,"showFlares":false,"showImageEffects":false,"showParticleSystems":false},"in2DMode":false,"pivot":{"x":343.8619689941406,"y":96.40902709960938,"z":106.7266845703125},"rotation":{"x":-0.016940709203481675,"y":-0.9771053194999695,"z":0.08523542433977127,"w":-0.1941986083984375},"size":336.4281311035156,"orthographic":false}