{"cameraMode":{"drawMode":0,"name":"Shaded","section":"Shading Mode"},"sceneLighting":false,"audioPlay":false,"sceneViewState":{"showFog":false,"showMaterialUpdate":false,"showSkybox":false,"showFlares":false,"showImageEffects":false,"showParticleSystems":false},"in2DMode":false,"pivot":{"x":603.948974609375,"y":1241.19580078125,"z":-583.9847412109375},"rotation":{"x":-0.01647053472697735,"y":0.002702414756640792,"z":0.00004559622539090924,"w":0.9998607635498047},"size":427.12591552734377,"orthographic":false}