{"cameraMode":{"drawMode":0,"name":"Shaded","section":"Shading Mode"},"sceneLighting":false,"audioPlay":false,"sceneViewState":{"showFog":false,"showMaterialUpdate":false,"showSkybox":false,"showFlares":false,"showImageEffects":false,"showParticleSystems":false},"in2DMode":false,"pivot":{"x":3.971261501312256,"y":1.0819171667099,"z":-4.154228687286377},"rotation":{"x":-0.018995504826307298,"y":-0.744539737701416,"z":-0.021203067153692247,"w":0.6669709086418152},"size":1.415036916732788,"orthographic":false}