{"cameraMode":{"drawMode":0,"name":"Shaded","section":"Shading Mode"},"sceneLighting":false,"audioPlay":false,"sceneViewState":{"showFog":false,"showMaterialUpdate":false,"showSkybox":false,"showFlares":false,"showImageEffects":false,"showParticleSystems":false},"in2DMode":false,"pivot":{"x":-0.3692864179611206,"y":0.8403151035308838,"z":1.1985243558883668},"rotation":{"x":0.04946006089448929,"y":-0.04373076185584068,"z":0.0021686055697500707,"w":0.9978159666061401},"size":4.185060501098633,"orthographic":false}