{"cameraMode":{"drawMode":0,"name":"Shaded","section":"Shading Mode"},"sceneLighting":false,"audioPlay":false,"sceneViewState":{"showFog":false,"showMaterialUpdate":false,"showSkybox":false,"showFlares":false,"showImageEffects":false,"showParticleSystems":false},"in2DMode":false,"pivot":{"x":11.135538101196289,"y":-3.8888938426971437,"z":1.1731919050216675},"rotation":{"x":0.13039197027683259,"y":0.7021756172180176,"z":-0.13323895633220673,"w":0.6871642470359802},"size":17.381526947021486,"orthographic":false}