{"cameraMode":{"drawMode":0,"name":"Shaded","section":"Shading Mode"},"sceneLighting":false,"audioPlay":false,"sceneViewState":{"showFog":false,"showMaterialUpdate":false,"showSkybox":false,"showFlares":false,"showImageEffects":false,"showParticleSystems":false},"in2DMode":false,"pivot":{"x":3.8781256675720217,"y":-1.8254454135894776,"z":3.6674957275390627},"rotation":{"x":0.1861628144979477,"y":0.42792245745658877,"z":-0.09054705500602722,"w":0.8797881007194519},"size":12.86153793334961,"orthographic":false}