{"cameraMode":{"drawMode":0,"name":"Shaded","section":"Shading Mode"},"sceneLighting":false,"audioPlay":false,"sceneViewState":{"showFog":false,"showMaterialUpdate":false,"showSkybox":false,"showFlares":false,"showImageEffects":false,"showParticleSystems":false},"in2DMode":false,"pivot":{"x":3.541767120361328,"y":0.8403151035308838,"z":-4.198047637939453},"rotation":{"x":0.23160997033119203,"y":-0.048420775681734088,"z":0.01154429279267788,"w":0.9715344309806824},"size":4.185060501098633,"orthographic":false}