{"cameraMode":{"drawMode":0,"name":"Shaded","section":"Shading Mode"},"sceneLighting":false,"audioPlay":false,"sceneViewState":{"showFog":false,"showMaterialUpdate":false,"showSkybox":false,"showFlares":false,"showImageEffects":false,"showParticleSystems":false},"in2DMode":false,"pivot":{"x":0.006242360919713974,"y":0.024166826158761979,"z":-0.017147034406661989},"rotation":{"x":0.16405799984931947,"y":0.7721682190895081,"z":-0.22122438251972199,"w":0.5726264715194702},"size":0.4835827946662903,"orthographic":false}