{"cameraMode":{"drawMode":0,"name":"Shaded","section":"Shading Mode"},"sceneLighting":false,"audioPlay":false,"sceneViewState":{"showFog":false,"showMaterialUpdate":false,"showSkybox":false,"showFlares":false,"showImageEffects":false,"showParticleSystems":false},"in2DMode":false,"pivot":{"x":3.226733446121216,"y":1.7395588159561158,"z":-2.778810739517212},"rotation":{"x":0.04265580698847771,"y":0.9536437392234802,"z":-0.16323523223400117,"w":0.24919551610946656},"size":2.410767078399658,"orthographic":false}