{"cameraMode":{"drawMode":0,"name":"Shaded","section":"Shading Mode"},"sceneLighting":false,"audioPlay":false,"sceneViewState":{"showFog":false,"showMaterialUpdate":false,"showSkybox":false,"showFlares":false,"showImageEffects":false,"showParticleSystems":false},"in2DMode":false,"pivot":{"x":-0.48850345611572268,"y":1.1463840007781983,"z":-5.052748203277588},"rotation":{"x":0.19355621933937074,"y":-0.12937068939208985,"z":0.025758586823940278,"w":0.972180962562561},"size":6.7140960693359379,"orthographic":false}