{"cameraMode":{"drawMode":0,"name":"Shaded","section":"Shading Mode"},"sceneLighting":false,"audioPlay":false,"sceneViewState":{"showFog":false,"showMaterialUpdate":false,"showSkybox":false,"showFlares":false,"showImageEffects":false,"showParticleSystems":false},"in2DMode":false,"pivot":{"x":9.760048866271973,"y":-1.4690485000610352,"z":-2.44952392578125},"rotation":{"x":0.27060404419898989,"y":0.5254388451576233,"z":-0.18087078630924226,"w":0.7861127853393555},"size":22.657882690429689,"orthographic":false}