{"cameraMode":{"drawMode":0,"name":"Shaded","section":"Shading Mode"},"sceneLighting":false,"audioPlay":false,"sceneViewState":{"showFog":false,"showMaterialUpdate":false,"showSkybox":false,"showFlares":false,"showImageEffects":false,"showParticleSystems":false},"in2DMode":false,"pivot":{"x":1.5908203125,"y":-1.5529348850250245,"z":0.48164740204811098},"rotation":{"x":0.24200476706027986,"y":0.6412356495857239,"z":-0.2239634394645691,"w":0.6928859949111939},"size":5.971175670623779,"orthographic":false}