{"cameraMode":{"drawMode":0,"name":"Shaded","section":"Shading Mode"},"sceneLighting":false,"audioPlay":false,"sceneViewState":{"showFog":false,"showMaterialUpdate":false,"showSkybox":false,"showFlares":false,"showImageEffects":false,"showParticleSystems":false},"in2DMode":false,"pivot":{"x":787.588134765625,"y":2004.303466796875,"z":93.32789611816406},"rotation":{"x":0.030018655583262445,"y":-0.019787048920989038,"z":0.0005953494692221284,"w":0.9993533492088318},"size":1280.4534912109375,"orthographic":false}