{"cameraMode":{"drawMode":0,"name":"Shaded","section":"Shading Mode"},"sceneLighting":false,"audioPlay":false,"sceneViewState":{"showFog":false,"showMaterialUpdate":false,"showSkybox":false,"showFlares":false,"showImageEffects":false,"showParticleSystems":false},"in2DMode":false,"pivot":{"x":3.541767120361328,"y":0.8403151035308838,"z":-4.315778732299805},"rotation":{"x":0.12125211209058762,"y":0.635107696056366,"z":-0.1018592119216919,"w":0.7560164332389832},"size":4.415036678314209,"orthographic":false}