{"cameraMode":{"drawMode":0,"name":"Shaded","section":"Shading Mode"},"sceneLighting":false,"audioPlay":false,"sceneViewState":{"showFog":false,"showMaterialUpdate":false,"showSkybox":false,"showFlares":false,"showImageEffects":false,"showParticleSystems":false},"in2DMode":false,"pivot":{"x":15.302791595458985,"y":33.15019226074219,"z":31.751815795898439},"rotation":{"x":-0.024432295933365823,"y":0.28221988677978518,"z":0.007191113196313381,"w":0.9590116739273071},"size":90.62091827392578,"orthographic":false}