{"cameraMode":{"drawMode":0,"name":"Shaded","section":"Shading Mode"},"sceneLighting":false,"audioPlay":false,"sceneViewState":{"showFog":false,"showMaterialUpdate":false,"showSkybox":false,"showFlares":false,"showImageEffects":false,"showParticleSystems":false},"in2DMode":false,"pivot":{"x":6.222560882568359,"y":-1.96319580078125,"z":1.5542559623718262},"rotation":{"x":-0.06638490408658982,"y":-0.9009066224098206,"z":0.14865060150623322,"w":-0.4023224711418152},"size":10.200689315795899,"orthographic":false}