{"cameraMode":{"drawMode":0,"name":"Shaded","section":"Shading Mode"},"sceneLighting":false,"audioPlay":false,"sceneViewState":{"showFog":false,"showMaterialUpdate":false,"showSkybox":false,"showFlares":false,"showImageEffects":false,"showParticleSystems":false},"in2DMode":false,"pivot":{"x":501.72216796875,"y":1785.0177001953125,"z":1069.458740234375},"rotation":{"x":0.05461075156927109,"y":0.9364163279533386,"z":-0.16897080838680268,"w":0.3026401400566101},"size":1871.5435791015625,"orthographic":false}