{"cameraMode":{"drawMode":0,"name":"Shaded","section":"Shading Mode"},"sceneLighting":false,"audioPlay":false,"sceneViewState":{"showFog":false,"showMaterialUpdate":false,"showSkybox":false,"showFlares":false,"showImageEffects":false,"showParticleSystems":false},"in2DMode":false,"pivot":{"x":3.5799999237060549,"y":0.7818900346755981,"z":-3.9722976684570314},"rotation":{"x":0.15196989476680757,"y":0.697630763053894,"z":-0.15528835356235505,"w":0.6827166080474854},"size":4.196767330169678,"orthographic":false}