{"cameraMode":{"drawMode":0,"name":"Shaded","section":"Shading Mode"},"sceneLighting":false,"audioPlay":false,"sceneViewState":{"showFog":false,"showMaterialUpdate":false,"showSkybox":false,"showFlares":false,"showImageEffects":false,"showParticleSystems":false},"in2DMode":false,"pivot":{"x":2.1059460639953615,"y":0.7823070287704468,"z":2.1242072582244875},"rotation":{"x":-0.1587451845407486,"y":0.4550941288471222,"z":-0.08282527327537537,"w":-0.8722553253173828},"size":17.559343338012697,"orthographic":false}